test0.jpg,Unknown
test1.jpg,happy
test2.jpg,happy
test3.jpg,Unknown
test4.jpg,Unknown
test5.jpg,happy
test6.jpg,Unknown
test7.jpg,surprised
test8.jpg,surprised
test9.jpg,Unknown
test10.jpg,happy
test11.jpg,surprised
test12.jpg,surprised
test13.jpg,happy
test14.jpg,Unknown
test15.jpg,happy
test16.jpg,happy
test17.jpg,surprised
test18.jpg,surprised
test19.jpg,surprised
test20.jpg,surprised
test21.jpg,surprised
test22.jpg,surprised
test23.jpg,surprised
test24.jpg,happy
test25.jpg,surprised
test26.jpg,surprised
test27.jpg,surprised
test28.jpg,surprised
test29.jpg,Unknown
test30.jpg,Unknown
test31.jpg,Unknown
test32.jpg,surprised
test33.jpg,Unknown
test34.jpg,happy
test35.jpg,surprised
test36.jpg,Unknown
test37.jpg,happy
test38.jpg,happy
test39.jpg,happy
test40.jpg,surprised
test41.jpg,surprised
test42.jpg,surprised
test43.jpg,surprised
test44.jpg,happy
test45.jpg,surprised
test46.jpg,happy
test47.jpg,surprised
test48.jpg,Unknown
test49.jpg,Unknown
test50.jpg,Unknown
test51.jpg,Unknown
test52.jpg,Unknown
test53.jpg,Unknown
test54.jpg,Unknown
test55.jpg,Unknown
test56.jpg,happy
test57.jpg,Unknown
test58.jpg,surprised
test59.jpg,surprised
test60.jpg,Unknown
test61.jpg,happy
test62.jpg,happy
test63.jpg,Unknown
test64.jpg,Unknown
test65.jpg,Unknown
test66.jpg,Unknown
test67.jpg,Unknown
test68.jpg,happy
test69.jpg,Unknown
test70.jpg,Unknown
test71.jpg,Unknown
test72.jpg,Unknown
test73.jpg,Unknown
test74.jpg,Unknown
test75.jpg,Unknown
test76.jpg,Unknown
test77.jpg,Unknown
test78.jpg,Unknown
test79.jpg,surprised
test80.jpg,happy
test81.jpg,Unknown
test82.jpg,Unknown
test83.jpg,surprised
test84.jpg,happy
test85.jpg,happy
test86.jpg,surprised
test87.jpg,surprised
test88.jpg,surprised
test89.jpg,Unknown
test90.jpg,surprised
test91.jpg,Unknown
test92.jpg,Unknown
test93.jpg,Unknown
test94.jpg,Unknown
test95.jpg,happy
test96.jpg,happy
test97.jpg,happy
test98.jpg,happy
test99.jpg,surprised
test100.jpg,happy
test101.jpg,Unknown
test102.jpg,Unknown
test103.jpg,Unknown
test104.jpg,happy
test105.jpg,Unknown
test106.jpg,happy
test107.jpg,Unknown
test108.jpg,Unknown
test109.jpg,Unknown
test110.jpg,Unknown
test111.jpg,surprised
test112.jpg,surprised
test113.jpg,happy
test114.jpg,Unknown
test115.jpg,Unknown
test116.jpg,Unknown
test117.jpg,Unknown
test118.jpg,Unknown
test119.jpg,Unknown
test120.jpg,Unknown
test121.jpg,Unknown
test122.jpg,Unknown
test123.jpg,Unknown
test124.jpg,Unknown
test125.jpg,Unknown
test126.jpg,Unknown
test127.jpg,Unknown
test128.jpg,happy
test129.jpg,happy
test130.jpg,Unknown
test131.jpg,Unknown
test132.jpg,Unknown
test133.jpg,surprised
test134.jpg,surprised
test135.jpg,surprised
test136.jpg,surprised
test137.jpg,Unknown
test138.jpg,surprised
test139.jpg,surprised
test140.jpg,happy
test141.jpg,happy
test142.jpg,happy
test143.jpg,Unknown
test144.jpg,Unknown
test145.jpg,happy
test146.jpg,Unknown
test147.jpg,Unknown
test148.jpg,Unknown
test149.jpg,happy
test150.jpg,Unknown
test151.jpg,happy
test152.jpg,Unknown
test153.jpg,Unknown
test154.jpg,surprised
test155.jpg,Unknown
test156.jpg,surprised
test157.jpg,surprised
test158.jpg,happy
test159.jpg,happy
test160.jpg,Unknown
test161.jpg,surprised
test162.jpg,happy
test163.jpg,happy
test164.jpg,Unknown
test165.jpg,happy
test166.jpg,Unknown
test167.jpg,happy
test168.jpg,Unknown
test169.jpg,Unknown
test170.jpg,Unknown
test171.jpg,Unknown
test172.jpg,Unknown
test173.jpg,Unknown
test174.jpg,Unknown
test175.jpg,Unknown
test176.jpg,Unknown
test177.jpg,Unknown
test178.jpg,surprised
test179.jpg,surprised
test180.jpg,surprised
test181.jpg,Unknown
test182.jpg,Unknown
test183.jpg,Unknown
test184.jpg,happy
test185.jpg,surprised
